0.0000,23.0000,0.0000
1.5000,19.5741,0.0000
3.0000,17.4346,0.0000
4.5000,15.6080,0.0000
6.0000,13.9590,0.0000
7.5000,12.4305,0.0000
9.0000,10.9917,0.0000
10.5000,9.6234,0.0000
12.0000,8.3128,0.0000
13.5000,7.0505,0.0000
15.0000,5.8298,0.0000
16.5000,4.6451,0.0000
18.0000,3.4924,0.0000
19.5000,2.3682,0.0000
21.0000,1.2697,0.0000
22.5000,0.1945,0.0000
24.0000,-0.8594,0.0000
25.5000,-1.8938,0.0000
27.0000,-2.9100,0.0000
28.5000,-3.9094,0.0000
30.0000,-4.8931,0.0000
31.5000,-5.8622,0.0000
33.0000,-6.8176,0.0000
34.5000,-7.7600,0.0000
36.0000,-8.6901,0.0000
37.5000,-9.6088,0.0000
39.0000,-10.5164,0.0000
40.5000,-11.4137,0.0000
42.0000,-12.3010,0.0000
43.5000,-13.1789,0.0000
45.0000,-14.0477,0.0000
46.5000,-14.9079,0.0000
48.0000,-15.7598,0.0000
49.5000,-16.6037,0.0000
51.0000,-17.4400,0.0000
52.5000,-18.2690,0.0000
54.0000,-19.0909,0.0000
55.5000,-19.9059,0.0000
57.0000,-20.7144,0.0000
58.5000,-21.5165,0.0000
60.0000,-22.3125,0.0000
61.5000,-23.1025,0.0000
63.0000,-23.8868,0.0000
64.5000,-24.6655,0.0000
66.0000,-25.4388,0.0000
67.5000,-26.2068,0.0000
69.0000,-26.9697,0.0000
70.5000,-27.7276,0.0000
72.0000,-28.4808,0.0000
73.5000,-29.2292,0.0000
75.0000,-29.9731,0.0000
75.0000,-39.9731,0.0000
73.5000,-39.4124,0.0000
72.0000,-38.8494,0.0000
70.5000,-38.2840,0.0000
69.0000,-37.7163,0.0000
67.5000,-37.1461,0.0000
66.0000,-36.5733,0.0000
64.5000,-35.9979,0.0000
63.0000,-35.4199,0.0000
61.5000,-34.8390,0.0000
60.0000,-34.2554,0.0000
58.5000,-33.6688,0.0000
57.0000,-33.0792,0.0000
55.5000,-32.4865,0.0000
54.0000,-31.8906,0.0000
52.5000,-31.2913,0.0000
51.0000,-30.6886,0.0000
49.5000,-30.0824,0.0000
48.0000,-29.4725,0.0000
46.5000,-28.8587,0.0000
45.0000,-28.2410,0.0000
43.5000,-27.6191,0.0000
42.0000,-26.9930,0.0000
40.5000,-26.3623,0.0000
39.0000,-25.7270,0.0000
37.5000,-25.0868,0.0000
36.0000,-24.4414,0.0000
34.5000,-23.7906,0.0000
33.0000,-23.1341,0.0000
31.5000,-22.4716,0.0000
30.0000,-21.8028,0.0000
28.5000,-21.1273,0.0000
27.0000,-20.4446,0.0000
25.5000,-19.7542,0.0000
24.0000,-19.0557,0.0000
22.5000,-18.3484,0.0000
21.0000,-17.6317,0.0000
19.5000,-16.9045,0.0000
18.0000,-16.1661,0.0000
16.5000,-15.4153,0.0000
15.0000,-14.6507,0.0000
13.5000,-13.8706,0.0000
12.0000,-13.0729,0.0000
10.5000,-12.2550,0.0000
9.0000,-11.4133,0.0000
7.5000,-10.5429,0.0000
6.0000,-9.6367,0.0000
4.5000,-8.6835,0.0000
3.0000,-7.6631,0.0000
1.5000,-6.5295,0.0000
0.0000,-5.0000,0.0000
0.0000,23.0000,0.0000
